{"IcoMoonType":"selection","icons":[{"icon":{"paths":["M733.714 419.429c0-9.714-3.429-19.429-10.286-26.286l-52-51.429c-6.857-6.857-16-10.857-25.714-10.857s-18.857 4-25.714 10.857l-233.143 232.571-129.143-129.143c-6.857-6.857-16-10.857-25.714-10.857s-18.857 4-25.714 10.857l-52 51.429c-6.857 6.857-10.286 16.571-10.286 26.286s3.429 18.857 10.286 25.714l206.857 206.857c6.857 6.857 16.571 10.857 25.714 10.857 9.714 0 19.429-4 26.286-10.857l310.286-310.286c6.857-6.857 10.286-16 10.286-25.714zM877.714 512c0 242.286-196.571 438.857-438.857 438.857s-438.857-196.571-438.857-438.857 196.571-438.857 438.857-438.857 438.857 196.571 438.857 438.857z"],"width":877.7142857142857,"attrs":[],"isMulticolor":false,"isMulticolor2":false,"tags":["check-circle"],"defaultCode":61528,"grid":14},"attrs":[],"properties":{"name":"check-circle","id":87,"order":8,"prevSize":28,"code":61528},"setIdx":0,"setId":1,"iconIdx":87},{"icon":{"paths":["M640 146.286h-475.429c-50.286 0-91.429 41.143-91.429 91.429v475.429c0 50.286 41.143 91.429 91.429 91.429h475.429c50.286 0 91.429-41.143 91.429-91.429v-475.429c0-50.286-41.143-91.429-91.429-91.429zM804.571 237.714v475.429c0 90.857-73.714 164.571-164.571 164.571h-475.429c-90.857 0-164.571-73.714-164.571-164.571v-475.429c0-90.857 73.714-164.571 164.571-164.571h475.429c90.857 0 164.571 73.714 164.571 164.571z"],"width":804.5714285714286,"attrs":[],"isMulticolor":false,"isMulticolor2":false,"tags":["square-o"],"defaultCode":61590,"grid":14},"attrs":[],"properties":{"name":"square-o","id":142,"order":2,"prevSize":28,"code":61590},"setIdx":0,"setId":1,"iconIdx":142},{"icon":{"paths":["M300.571 796.571c0 40-32.571 73.143-73.143 73.143-40 0-73.143-33.143-73.143-73.143 0-40.571 33.143-73.143 73.143-73.143 40.571 0 73.143 32.571 73.143 73.143zM585.143 914.286c0 40.571-32.571 73.143-73.143 73.143s-73.143-32.571-73.143-73.143 32.571-73.143 73.143-73.143 73.143 32.571 73.143 73.143zM182.857 512c0 40.571-32.571 73.143-73.143 73.143s-73.143-32.571-73.143-73.143 32.571-73.143 73.143-73.143 73.143 32.571 73.143 73.143zM869.714 796.571c0 40-33.143 73.143-73.143 73.143-40.571 0-73.143-33.143-73.143-73.143 0-40.571 32.571-73.143 73.143-73.143 40 0 73.143 32.571 73.143 73.143zM318.857 227.429c0 50.286-41.143 91.429-91.429 91.429s-91.429-41.143-91.429-91.429 41.143-91.429 91.429-91.429 91.429 41.143 91.429 91.429zM987.429 512c0 40.571-32.571 73.143-73.143 73.143s-73.143-32.571-73.143-73.143 32.571-73.143 73.143-73.143 73.143 32.571 73.143 73.143zM621.714 109.714c0 60.571-49.143 109.714-109.714 109.714s-109.714-49.143-109.714-109.714 49.143-109.714 109.714-109.714 109.714 49.143 109.714 109.714zM924.571 227.429c0 70.857-57.714 128-128 128-70.857 0-128-57.143-128-128 0-70.286 57.143-128 128-128 70.286 0 128 57.714 128 128z"],"width":1024,"attrs":[],"isMulticolor":false,"isMulticolor2":false,"tags":["spinner"],"defaultCode":61712,"grid":14},"attrs":[],"properties":{"name":"spinner","id":244,"order":5,"prevSize":28,"code":61712},"setIdx":0,"setId":1,"iconIdx":244},{"icon":{"paths":["M219.429 713.143v109.714c0 30.286-24.571 54.857-54.857 54.857h-109.714c-30.286 0-54.857-24.571-54.857-54.857v-109.714c0-30.286 24.571-54.857 54.857-54.857h109.714c30.286 0 54.857 24.571 54.857 54.857zM219.429 420.571v109.714c0 30.286-24.571 54.857-54.857 54.857h-109.714c-30.286 0-54.857-24.571-54.857-54.857v-109.714c0-30.286 24.571-54.857 54.857-54.857h109.714c30.286 0 54.857 24.571 54.857 54.857zM219.429 128v109.714c0 30.286-24.571 54.857-54.857 54.857h-109.714c-30.286 0-54.857-24.571-54.857-54.857v-109.714c0-30.286 24.571-54.857 54.857-54.857h109.714c30.286 0 54.857 24.571 54.857 54.857z"],"width":219.42857142857142,"attrs":[],"isMulticolor":false,"isMulticolor2":false,"tags":["ellipsis-v"],"defaultCode":61762,"grid":14},"attrs":[],"properties":{"name":"ellipsis-v","id":288,"order":7,"prevSize":28,"code":61762},"setIdx":0,"setId":1,"iconIdx":288},{"icon":{"paths":["M391.429 742.286l350.857-350.857c14.286-14.286 14.286-37.143 0-51.429l-58.286-58.286c-14.286-14.286-37.143-14.286-51.429 0l-266.857 266.857-120.571-120.571c-14.286-14.286-37.143-14.286-51.429 0l-58.286 58.286c-14.286 14.286-14.286 37.143 0 51.429l204.571 204.571c14.286 14.286 37.143 14.286 51.429 0zM877.714 237.714v548.571c0 90.857-73.714 164.571-164.571 164.571h-548.571c-90.857 0-164.571-73.714-164.571-164.571v-548.571c0-90.857 73.714-164.571 164.571-164.571h548.571c90.857 0 164.571 73.714 164.571 164.571z"],"width":877.7142857142857,"attrs":[],"isMulticolor":false,"isMulticolor2":false,"tags":["check-square"],"defaultCode":61770,"grid":14},"attrs":[],"properties":{"name":"check-square","id":296,"order":3,"prevSize":28,"code":61770},"setIdx":0,"setId":1,"iconIdx":296},{"icon":{"paths":["M438.857 146.286c-201.714 0-365.714 164-365.714 365.714s164 365.714 365.714 365.714 365.714-164 365.714-365.714-164-365.714-365.714-365.714zM877.714 512c0 242.286-196.571 438.857-438.857 438.857s-438.857-196.571-438.857-438.857 196.571-438.857 438.857-438.857v0c242.286 0 438.857 196.571 438.857 438.857z"],"width":877.7142857142857,"attrs":[],"isMulticolor":false,"isMulticolor2":false,"tags":["circle-thin"],"defaultCode":61915,"grid":14},"attrs":[],"properties":{"name":"circle-thin","id":432,"order":6,"prevSize":28,"code":61915},"setIdx":0,"setId":1,"iconIdx":432}],"height":1024,"metadata":{"name":"icomoon"},"preferences":{"showGlyphs":true,"showCodes":true,"showQuickUse":true,"showQuickUse2":true,"showSVGs":true,"fontPref":{"prefix":"icon-","metadata":{"fontFamily":"icomoon"},"metrics":{"emSize":1024,"baseline":6.25,"whitespace":50},"embed":false},"imagePref":{"prefix":"icon-","png":true,"useClassSelector":true,"color":0,"bgColor":16777215},"historySize":50}}